Name,Type
0.jpg,2
1.jpg,2
2.jpg,2
3.jpg,0
4.jpg,2
5.jpg,2
6.jpg,3
7.jpg,2
8.jpg,2
9.jpg,2
10.jpg,3
11.jpg,2
12.jpg,2
13.jpg,2
14.jpg,2
15.jpg,2
16.jpg,2
17.jpg,2
18.jpg,2
19.jpg,3
20.jpg,3
21.jpg,2
22.jpg,3
23.jpg,0
24.jpg,2
25.jpg,2
26.jpg,2
27.jpg,3
28.jpg,2
29.jpg,3
30.jpg,2
31.jpg,2
32.jpg,2
33.jpg,2
34.jpg,2
35.jpg,2
36.jpg,0
37.jpg,0
38.jpg,1
39.jpg,0
40.jpg,3
41.jpg,2
42.jpg,1
43.jpg,2
44.jpg,3
45.jpg,0
46.jpg,0
47.jpg,0
48.jpg,2
49.jpg,2
50.jpg,0
51.jpg,0
52.jpg,2
53.jpg,0
54.jpg,2
55.jpg,0
56.jpg,2
57.jpg,3
58.jpg,0
59.jpg,3
60.jpg,0
61.jpg,2
62.jpg,1
63.jpg,2
64.jpg,0
65.jpg,2
66.jpg,3
67.jpg,0
68.jpg,2
69.jpg,0
70.jpg,2
71.jpg,2
72.jpg,2
73.jpg,0
74.jpg,3
75.jpg,0
76.jpg,2
77.jpg,2
78.jpg,2
79.jpg,2
80.jpg,2
81.jpg,0
82.jpg,2
83.jpg,0
84.jpg,2
85.jpg,0
86.jpg,0
87.jpg,0
88.jpg,0
89.jpg,0
90.jpg,2
91.jpg,0
92.jpg,2
93.jpg,2
94.jpg,2
95.jpg,0
96.jpg,3
97.jpg,1
98.jpg,0
99.jpg,2
100.jpg,0
101.jpg,0
102.jpg,0
103.jpg,3
104.jpg,2
105.jpg,2
106.jpg,2
107.jpg,0
108.jpg,2
109.jpg,2
110.jpg,2
111.jpg,2
112.jpg,0
113.jpg,0
114.jpg,2
115.jpg,2
116.jpg,3
117.jpg,0
118.jpg,3
119.jpg,2
120.jpg,2
121.jpg,2
122.jpg,0
123.jpg,0
124.jpg,1
125.jpg,2
126.jpg,0
127.jpg,2
128.jpg,2
129.jpg,0
130.jpg,2
131.jpg,2
132.jpg,0
133.jpg,3
134.jpg,3
135.jpg,2
136.jpg,2
137.jpg,0
138.jpg,3
139.jpg,2
140.jpg,0
141.jpg,2
142.jpg,2
143.jpg,2
144.jpg,2
145.jpg,3
146.jpg,2
147.jpg,2
148.jpg,2
149.jpg,0
150.jpg,2
151.jpg,2
152.jpg,3
153.jpg,0
154.jpg,2
155.jpg,2
156.jpg,1
157.jpg,2
158.jpg,2
159.jpg,0
160.jpg,2
161.jpg,2
162.jpg,0
163.jpg,2
164.jpg,3
165.jpg,2
166.jpg,2
167.jpg,0
168.jpg,0
169.jpg,2
170.jpg,2
171.jpg,2
172.jpg,2
173.jpg,3
174.jpg,2
175.jpg,0
176.jpg,3
177.jpg,0
178.jpg,0
179.jpg,2
180.jpg,0
181.jpg,0
182.jpg,2
183.jpg,2
184.jpg,2
185.jpg,0
186.jpg,0
187.jpg,3
188.jpg,2
189.jpg,2
190.jpg,2
191.jpg,3
192.jpg,0
193.jpg,2
194.jpg,0
195.jpg,0
196.jpg,2
197.jpg,0
198.jpg,0
199.jpg,2
200.jpg,2
201.jpg,2
202.jpg,3
203.jpg,2
204.jpg,2
205.jpg,3
206.jpg,2
207.jpg,0
208.jpg,2
209.jpg,2
210.jpg,0
211.jpg,3
212.jpg,0
213.jpg,0
214.jpg,2
215.jpg,2
216.jpg,2
217.jpg,2
218.jpg,2
219.jpg,0
220.jpg,3
221.jpg,2
222.jpg,3
223.jpg,0
224.jpg,3
225.jpg,0
226.jpg,2
227.jpg,1
228.jpg,0
229.jpg,0
230.jpg,0
231.jpg,2
232.jpg,0
233.jpg,2
234.jpg,0
235.jpg,2
236.jpg,0
237.jpg,2
238.jpg,1
239.jpg,3
240.jpg,2
241.jpg,2
242.jpg,3
243.jpg,2
244.jpg,2
245.jpg,0
246.jpg,2
247.jpg,2
248.jpg,0
249.jpg,0
250.jpg,0
251.jpg,0
252.jpg,2
253.jpg,3
254.jpg,3
255.jpg,3
256.jpg,2
257.jpg,3
258.jpg,2
259.jpg,1
260.jpg,2
261.jpg,2
262.jpg,2
263.jpg,2
264.jpg,0
265.jpg,2
266.jpg,2
267.jpg,0
268.jpg,0
269.jpg,0
270.jpg,1
271.jpg,0
272.jpg,2
273.jpg,2
274.jpg,2
275.jpg,2
276.jpg,2
277.jpg,3
278.jpg,2
279.jpg,2
280.jpg,1
281.jpg,2
282.jpg,2
283.jpg,2
284.jpg,0
285.jpg,2
286.jpg,2
287.jpg,2
288.jpg,2
289.jpg,1
290.jpg,0
291.jpg,2
292.jpg,0
293.jpg,0
294.jpg,3
295.jpg,2
296.jpg,2
297.jpg,0
298.jpg,3
299.jpg,2
300.jpg,2
301.jpg,2
302.jpg,2
303.jpg,0
304.jpg,0
305.jpg,0
306.jpg,2
307.jpg,2
308.jpg,1
309.jpg,1
310.jpg,0
311.jpg,0
312.jpg,2
313.jpg,2
314.jpg,2
315.jpg,2
316.jpg,2
317.jpg,2
318.jpg,2
319.jpg,2
320.jpg,2
321.jpg,2
322.jpg,0
323.jpg,2
324.jpg,2
325.jpg,0
326.jpg,3
327.jpg,0
328.jpg,2
329.jpg,3
330.jpg,2
331.jpg,2
332.jpg,0
333.jpg,3
334.jpg,3
335.jpg,3
336.jpg,2
337.jpg,2
338.jpg,2
339.jpg,3
340.jpg,2
341.jpg,2
342.jpg,2
343.jpg,2
344.jpg,0
345.jpg,2
346.jpg,0
347.jpg,0
348.jpg,0
349.jpg,3
350.jpg,2
351.jpg,2
352.jpg,0
353.jpg,2
354.jpg,0
355.jpg,2
356.jpg,3
357.jpg,2
358.jpg,0
359.jpg,2
360.jpg,2
361.jpg,2
362.jpg,3
363.jpg,0
364.jpg,3
365.jpg,2
366.jpg,2
367.jpg,2
368.jpg,0
369.jpg,2
370.jpg,0
371.jpg,0
372.jpg,3
373.jpg,1
374.jpg,2
375.jpg,2
376.jpg,0
377.jpg,2
378.jpg,0
379.jpg,2
380.jpg,2
381.jpg,3
382.jpg,2
383.jpg,1
384.jpg,0
385.jpg,2
386.jpg,2
387.jpg,2
388.jpg,0
389.jpg,0
390.jpg,3
391.jpg,2
392.jpg,2
393.jpg,2
394.jpg,0
395.jpg,2
396.jpg,0
397.jpg,3
398.jpg,3
399.jpg,2
400.jpg,1
401.jpg,3
402.jpg,2
403.jpg,2
404.jpg,2
405.jpg,0
406.jpg,0
407.jpg,2
408.jpg,2
409.jpg,2
410.jpg,2
411.jpg,2
412.jpg,3
413.jpg,2
414.jpg,0
415.jpg,3
416.jpg,2
417.jpg,2
418.jpg,0
419.jpg,0
420.jpg,2
421.jpg,2
422.jpg,2
423.jpg,3
424.jpg,2
425.jpg,3
426.jpg,2
427.jpg,2
428.jpg,3
429.jpg,2
430.jpg,1
431.jpg,2
432.jpg,2
433.jpg,2
434.jpg,0
435.jpg,2
436.jpg,2
437.jpg,2
438.jpg,2
439.jpg,2
440.jpg,2
441.jpg,2
442.jpg,3
443.jpg,2
444.jpg,0
445.jpg,2
446.jpg,0
447.jpg,0
448.jpg,2
449.jpg,3
450.jpg,0
451.jpg,3
452.jpg,2
453.jpg,2
454.jpg,2
455.jpg,2
456.jpg,3
457.jpg,2
458.jpg,2
459.jpg,2
460.jpg,2
461.jpg,2
462.jpg,0
463.jpg,2
464.jpg,3
465.jpg,2
466.jpg,2
467.jpg,2
468.jpg,2
469.jpg,2
470.jpg,3
471.jpg,2
472.jpg,0
473.jpg,0
474.jpg,0
475.jpg,2
476.jpg,0
477.jpg,2
478.jpg,2
479.jpg,1
480.jpg,3
481.jpg,2
482.jpg,0
483.jpg,3
484.jpg,3
485.jpg,2
486.jpg,3
487.jpg,2
488.jpg,2
489.jpg,3
490.jpg,2
491.jpg,0
